name,addr:housenumber,addr:street,addr:city,addr:postcode,geometry
San Diego County Credit Union,665,San Rodolfo Drive,Solana Beach,92075,POINT (-117.25808 32.993558)
U.S. Bank,3201,University Avenue,San Diego,92104,POINT (-117.124757 32.748295)
U.S. Bank,5197,Waring Road,San Diego,92120,POINT (-117.080566 32.79229)
Wells Fargo,4649,Carmel Mountain Road,San Diego,92130,POINT (-117.214442 32.9212594)
San Diego County Credit Union,286,Town Center Parkway,Santee,92071,POINT (-116.9842409 32.8442142)
Pacific Western Bank,418,West San Ysidro Boulevard,San Ysidro,92173,POINT (-117.052779 32.555342)
Banner Bank,275,F Street,Chula Vista,91910,POINT (-117.078707 32.641917)
Bank of America,11855,Carmel Mountain Road,San Diego,92128,POINT (-117.077139 32.980753)
San Diego County Credit Union,3366,North Torrey Pines Court,La Jolla,92037,POINT (-117.241634 32.893589)
Bank of America,6501,Mission Gorge Road,San Diego,92120,POINT (-117.0972325 32.791385)
Union Bank,651,South Rancho Santa Fe Road,San Marcos,92078,POINT (-117.206692 33.1331601)
Chase,2770,Via de la Valle,Del Mar,92014,POINT (-117.2478749 32.9814442)
San Diego County Credit Union,3180 Suite 100,University Avenue,San Diego,92104,POINT (-117.125567 32.748803)
California Bank & Trust,6313,Mission Gorge Road,San Diego,92120,POINT (-117.0973594 32.7890789)
Comerica Bank,11608,Carmel Mountain Road,San Diego,92128,POINT (-117.0822926 32.9806449)
Mission Federal Credit Union,269,West Washington Street,San Diego,92103,POINT (-117.165803 32.749656)
San Diego County Credit Union,312,West Main Street,El Cajon,92020,POINT (-116.965132 32.7952167)
Homestreet Bank,1110,Rosecrans Street,San Diego,92106,POINT (-117.231868 32.72182)
Chase,1130,East Plaza Boulevard,National City,91950,POINT (-117.0954468 32.676772)
Chase,4650,Mission Bay Drive,San Diego,92109,POINT (-117.219307 32.805548)
Wells Fargo,2775,Via de la Valle,Del Mar,92014,POINT (-117.2485689 32.9805194)
California Coast Credit Union,898,Jackman Street,El Cajon,92020,POINT (-116.973643 32.8073303)
Wells Fargo,3820,Valley Centre Drive,San Diego,92130,POINT (-117.230676 32.939321)
San Diego County Credit Union,303,H Street,Chula Vista,91910,POINT (-117.0777439 32.6347386)
San Diego County Credit Union,625,College Boulevard,Oceanside,92057,POINT (-117.29013 33.242502)
First Citizens Bank,833,Pearl Street,La Jolla,92037,POINT (-117.2739849 32.8399751)
California Bank and Trust,135,Saxony Road,Encinitas,92024,POINT (-117.2850608 33.0490955)
Bank of America,201,East San Ysidro Boulevard,San Ysidro,92173,POINT (-117.0425764 32.5523747)
Opus Bank,7690,El Camino Real,Carlsbad,92009,POINT (-117.2682982 33.086303)
Wells Fargo,12196,Pala Mission Road,Pala,92059,POINT (-117.069162 33.3664828)
San Diego County Credit Union,1664,Garnet Avenue,San Diego,92109,POINT (-117.2397574 32.8011413)
San Diego County Credit Union,2245,Fenton Parkway,San Diego,92108,POINT (-117.129379 32.7799599)
Chase,326,West El Norte Parkway,Escondido,92026,POINT (-117.0949458 33.142621)
City National Bank,13520,Evening Creek Drive North,San Diego,92128,POINT (-117.0936972 32.9626909)
San Diego County Credit Union,12980,Carmel Country Road,San Diego,92130,POINT (-117.229787 32.9549976)
Chase,3830,Valley Centre Drive,San Diego,92130,POINT (-117.2309315 32.9398011)
California Coast Credit Union,9808,Mission Gorge Road,Santee,92071,POINT (-116.981206 32.8391083)
Navy Federal Credit Union,17030,Bernardo Center Drive,San Diego,92128,POINT (-117.0747963 33.0236304)
San Diego County Credit Union,5500,Overland Avenue,San Diego,92123,POINT (-117.130506 32.8332017)
Citibank,755,Broadway Circle,San Diego,92101,POINT (-117.1618163 32.7150134)
U.S. Bank,4747,Executive Drive,San Diego,92121,POINT (-117.2037938 32.8751599)
San Diego County Credit Union,3455,Sports Arena Boulevard,San Diego,92110,POINT (-117.2100579 32.7530355)
Bank of Hope,4428,Convoy Street,San Diego,92111,POINT (-117.155369 32.8203952)
Chase,780,Sycamore Avenue,Vista,92083,POINT (-117.2188378 33.162936)
Chase,325,West Felicita Avenue,Escondido,92025,POINT (-117.0737874 33.1040821)
Wells Fargo,8898,Navajo Road,San Diego,92119,POINT (-117.0063907 32.8031755)
Mexican Union,555,Oxford Street,Chula Vista,91911,POINT (-117.077807 32.6066854)
Banc of California,7877,Ivanhoe Avenue,La Jolla,92037,POINT (-117.271941 32.8474741)
Navy Federal Credit Union,555,Saturn Blvd,San Diego,92154,POINT (-117.090896 32.5859149)
Mission Federal Credit Union,10393,Spring Canyon Road,San Diego,92131,POINT (-117.096926 32.9355762)
Bank of America,295,E Street,Chula Vista,91910,POINT (-117.081056 32.6449795)
Wells Fargo,3505,Rosecrans Street;Sports Arena Boulevard,San Diego,92110,POINT (-117.2119617 32.7533475)
Union Bank,344,Laurel Street,San Diego,92103,POINT (-117.161392 32.7315679)
Chase,2551,5th Avenue,San Diego,92103,POINT (-117.160141 32.7320372)
Home Bank of California,4493,Ruffin Road,San Diego,92123,POINT (-117.1270796 32.8217816)
MyPoint Credit Union,780,Jamacha Road,El Cajon,92019,POINT (-116.9289138 32.7858077)
San Diego County Credit Union,2036,Dairy Mart Road,San Ysidro,92173,POINT (-117.0633107 32.5605309)
Navy Federal Credit Union,762,Dennery Road,San Diego,92154,POINT (-117.0362782 32.5794318)
Wells Fargo,637,East San Ysidro Boulevard,San Diego,92173,POINT (-117.0339853 32.5478723)
Banner Bank,742,Fletcher Parkway,El Cajon,92020,POINT (-116.9720053 32.8080109)
Navy Federal Credit Union,709,Fletcher Parkway,El Cajon,92020,POINT (-116.9714133 32.8073221)
Navy Federal Credit Union,2891,Jamacha Road,El Cajon,92019,POINT (-116.9373871 32.739664)
Union Bank,12098,Fury Lane,El Cajon,92019,POINT (-116.9340293 32.7435667)
Chase,1005,Rosecrans Street,San Diego,92106,POINT (-117.232616 32.7202999)
Neighborhood National Bank,2987,Jamacha Road,El Cajon,92019,POINT (-116.9415099 32.7387492)
California Coast Credit Union,386,East H Street,Chula Vista,91910,POINT (-117.0496272 32.638475)
Cabrillo Credit Union,358,East H Street,Chula Vista,91910,POINT (-117.0513302 32.6394347)
Bank of Southern California,1620,5th Avenue,San Diego,92101,POINT (-117.1604888 32.7222748)
Union Bank,5664,Mission Center Road,San Diego,92108,POINT (-117.1561805 32.7752782)
Mission Federal Credit Union,294,North El Camino Real,Encinitas,92024,POINT (-117.2621332 33.0538235)
Mission Federal Credit Union,3470,College Avenue,,92115,POINT (-117.0530083 32.7433502)
Chase Bank,3490,College Avenue,,92115,POINT (-117.0535944 32.7438748)
Mission Federal Credit Union,3435,Del Mar Heights Road,San Diego,92130,POINT (-117.2327777 32.9535476)
Wells Fargo,13465,Camino,El Cajon,92021,POINT (-116.9031083 32.8235309)
Mission Federal Credit Union,1302,E Plaza Boulevard,,91950,POINT (-117.0922972 32.6765622)
Bank of America,525,19th Street,San Diego,92154,"POLYGON ((-117.0921345 32.5853622, -117.0923502 32.5853626, -117.0923483 32.5855343, -117.0924024 32.5855347, -117.0924019 32.5855757, -117.092373 32.5855754, -117.0923221 32.585574, -117.0923217 32.5855837, -117.0923198 32.5856091, -117.0923197 32.5856093, -117.0921342 32.5856106, -117.0921345 32.5853622))"
San Diego County Credit Union,5555,Mildred Street,San Diego,92110,"POLYGON ((-117.1929564 32.7676978, -117.1930593 32.7676738, -117.1931367 32.7679295, -117.193145 32.7679569, -117.1929596 32.7679973, -117.1928133 32.7680293, -117.1927846 32.7679322, -117.192731 32.7677504, -117.1929564 32.7676978))"
Bank of America,8959,Clairemont Mesa Boulevard,San Diego,92123,"POLYGON ((-117.1351611 32.8311786, -117.1351618 32.8311318, -117.13512 32.8311314, -117.1351216 32.8310218, -117.135106 32.8310217, -117.1351079 32.8308893, -117.1351593 32.8308898, -117.1351624 32.8306789, -117.1352681 32.8306785, -117.1352677 32.8306828, -117.1353633 32.8306824, -117.1353866 32.8306571, -117.1353858 32.8307073, -117.1354613 32.8307081, -117.1354549 32.8311493, -117.1353887 32.8311486, -117.1353883 32.8311809, -117.1351611 32.8311786))"
U.S. Bank,610,West Washington Street,San Diego,92103,"POLYGON ((-117.1690808 32.7499849, -117.1690818 32.7500842, -117.1690246 32.7500846, -117.1690138 32.7500845, -117.1690105 32.7502461, -117.1690105 32.750252, -117.1687907 32.7502518, -117.1687907 32.7502478, -117.1687849 32.7499891, -117.1690808 32.7499849))"
Union Bank,8359,Mira Mesa Boulevard,San Diego,92126,"POLYGON ((-117.1435718 32.9125421, -117.1435705 32.9125121, -117.1435497 32.9125127, -117.1435508 32.9125389, -117.1434818 32.912541, -117.1434806 32.9125109, -117.1434589 32.9125115, -117.1434517 32.9123387, -117.1434496 32.9122885, -117.143628 32.9122832, -117.1436372 32.9125, -117.1436187 32.9125005, -117.1436204 32.9125406, -117.1435718 32.9125421))"
Bank of America,4166,El Cajon Boulevard,San Diego,92105,"POLYGON ((-117.1057681 32.7557572, -117.1057678 32.7557259, -117.1056808 32.7557272, -117.1056134 32.7557276, -117.1056164 32.755646, -117.1056263 32.7553711, -117.105628 32.7553251, -117.1056769 32.7553248, -117.1058462 32.7553313, -117.105838 32.7553696, -117.1058446 32.7556444, -117.1058499 32.7557567, -117.1057681 32.7557572))"
Chase,8850,Navajo Road,San Diego,92119,"POLYGON ((-117.0076187 32.8033324, -117.0076567 32.8031622, -117.0076862 32.8031669, -117.0076942 32.8031309, -117.0077034 32.8030898, -117.0077951 32.8031043, -117.0077869 32.8031408, -117.0077794 32.8031744, -117.0080202 32.8032123, -117.0079807 32.8033894, -117.0076187 32.8033324))"
Bank of America,1275,Rosecrans Street,San Diego,92106,"POLYGON ((-117.2296653 32.7232823, -117.229987 32.7234786, -117.2298603 32.7236255, -117.2295387 32.7234291, -117.2296653 32.7232823))"
U.S. Bank,9005,Complex Drive,San Diego,92123,"POLYGON ((-117.1342155 32.8306405, -117.1345021 32.8306375, -117.1345054 32.8308665, -117.1342189 32.8308695, -117.1342155 32.8306405))"
Union Bank,7770,Clairemont Mesa Boulevard,San Diego,92111,"POLYGON ((-117.1539491 32.8329818, -117.1539526 32.8332633, -117.1536951 32.8332655, -117.1536917 32.832984, -117.1539491 32.8329818))"
U.S. Bank,1331,Rosecrans Street,San Diego,92106,"POLYGON ((-117.2293548 32.7238978, -117.2295383 32.7240067, -117.229344 32.7242375, -117.2291611 32.7241285, -117.2293548 32.7238978))"
U.S. Bank,13183,Black Mountain Road,San Diego,92129,"POLYGON ((-117.1276484 32.9571003, -117.1277941 32.9570777, -117.1278031 32.9570999, -117.1279115 32.957082, -117.1279444 32.9572103, -117.1279625 32.957208, -117.1279699 32.9572395, -117.1280165 32.9574367, -117.127857 32.9574662, -117.1277541 32.9574851, -117.1276484 32.9571003))"
Chase,7777,Girard Avenue,La Jolla,92037,"POLYGON ((-117.2734089 32.8449949, -117.2733847 32.8450004, -117.2733449 32.8448743, -117.2732895 32.8448866, -117.2732392 32.8447499, -117.2736268 32.8446589, -117.2736486 32.8447309, -117.2736996 32.8447201, -117.2737399 32.8448536, -117.2736379 32.8448753, -117.2736692 32.8449785, -117.2738052 32.8450513, -117.2734511 32.8451286, -117.2734089 32.8449949))"
California Bank and Trust,8252,Clairemont Mesa Boulevard,San Diego,92111,"POLYGON ((-117.1463124 32.8330491, -117.1464633 32.8330492, -117.1464649 32.8330582, -117.1465335 32.8330575, -117.1465334 32.8330786, -117.1466153 32.8330764, -117.1466119 32.8331573, -117.146625 32.8331586, -117.146625 32.8332673, -117.1465405 32.8332687, -117.1465421 32.8333629, -117.1464596 32.8333659, -117.1463847 32.8333673, -117.146314 32.833315, -117.1463124 32.8330491))"
Wells Fargo,10707,Camino Ruiz,San Diego,92126,"POLYGON ((-117.1433011 32.913014, -117.1435015 32.9130141, -117.1435114 32.9130141, -117.1435113 32.9131413, -117.1435676 32.9131413, -117.1436558 32.9131413, -117.1436558 32.9132223, -117.1435676 32.9132223, -117.1435197 32.9132223, -117.1435197 32.913319, -117.1433884 32.9133189, -117.1433009 32.9133189, -117.1433011 32.913014))"
Bank of America,645,Beyer Way,San Diego,92154,"POLYGON ((-117.0612512 32.5847458, -117.0612502 32.5846371, -117.0614836 32.5846393, -117.0614977 32.5846394, -117.0614967 32.5847442, -117.0614941 32.5849998, -117.0614869 32.585, -117.0612535 32.5850034, -117.0612512 32.5847458))"
Mission Federal Credit Union,11650,Carmel Mountain Road,San Diego,92128,"POLYGON ((-117.0808315 32.9797037, -117.0807804 32.9795269, -117.0811089 32.97946, -117.0811654 32.979655, -117.0810425 32.9796801, -117.0810372 32.9796618, -117.0808315 32.9797037))"
Wells Fargo,9360,Clairemont Mesa Boulevard,San Diego,92123,"POLYGON ((-117.1270903 32.8321701, -117.1270902 32.8321487, -117.1270454 32.8321489, -117.1270447 32.8320465, -117.126991 32.8320467, -117.1268989 32.8320471, -117.1268983 32.8319594, -117.126991 32.831959, -117.1270468 32.8319587, -117.1270463 32.8318771, -117.1270184 32.8318772, -117.127018 32.831821, -117.1270572 32.8318208, -117.1270992 32.8317648, -117.1272629 32.8317637, -117.1273035 32.8317867, -117.1273053 32.8321691, -117.1270903 32.8321701))"
Bank of America,9298,Mira Mesa Boulevard,San Diego,92126,"POLYGON ((-117.1252067 32.9174378, -117.125432 32.9174362, -117.1254287 32.9177562, -117.1254284 32.9177809, -117.1251561 32.9177922, -117.1251301 32.9177932, -117.125127 32.9177165, -117.1251558 32.9177072, -117.1252128 32.9177051, -117.1252067 32.9174378))"
U.S. Bank,12950,Carmel Country Road,San Diego,92130,"POLYGON ((-117.2301255 32.9551675, -117.230114 32.9551451, -117.2300858 32.9551553, -117.230077 32.9551381, -117.2300136 32.9550141, -117.230032 32.9550075, -117.2300197 32.9549834, -117.2301313 32.9549433, -117.2301379 32.9549562, -117.2301643 32.9549467, -117.2302153 32.9550465, -117.2302394 32.9550936, -117.2302183 32.9551012, -117.2302325 32.955129, -117.2301255 32.9551675))"
Chase,11995,Carmel Mountain Road,San Diego,92128,"POLYGON ((-117.075703 32.982642, -117.0758223 32.9824434, -117.0760568 32.9825425, -117.0760504 32.9825531, -117.0760082 32.9826235, -117.0759376 32.9827411, -117.075703 32.982642))"
San Diego County Credit Union,1004,Rosecrans Street,San Diego,92106,"POLYGON ((-117.2329799 32.7204918, -117.2329847 32.7204718, -117.2329269 32.7204619, -117.2329312 32.7204441, -117.2329013 32.720439, -117.2329275 32.7203385, -117.2329565 32.7203431, -117.2329635 32.7203253, -117.2332517 32.7203801, -117.233233 32.7204466, -117.2331949 32.7204809, -117.2331717 32.7205245, -117.2329799 32.7204918))"
Bank of America,5851,Balboa Avenue,San Diego,92111,"POLYGON ((-117.1778883 32.8196315, -117.1779985 32.819614, -117.1780138 32.8196832, -117.1780211 32.8197163, -117.1780756 32.8199617, -117.1777766 32.8200093, -117.1776994 32.8196616, -117.1778883 32.8196315))"
Banner Bank,1350,Rosecrans Street,San Diego,92106,"POLYGON ((-117.229389 32.7246593, -117.2294837 32.7245483, -117.2294896 32.7245519, -117.2294972 32.724543, -117.2296209 32.7246183, -117.2296126 32.7246279, -117.2296401 32.7246447, -117.2296491 32.7246342, -117.2297285 32.7246826, -117.2296432 32.7247817, -117.2296321 32.7247749, -117.2296144 32.7247956, -117.229389 32.7246593))"
Pacific Western Bank,1661,Rosecrans Street,San Diego,92106,"POLYGON ((-117.225859 32.7280664, -117.2260052 32.728154, -117.2257782 32.7284213, -117.2256322 32.7283338, -117.225859 32.7280664))"
Union Bank,8630,Lake Murray Boulevard,San Diego,92119,"POLYGON ((-117.0124335 32.8007683, -117.0124911 32.8007713, -117.0124968 32.8006952, -117.0126545 32.8007036, -117.012651 32.8007495, -117.0127167 32.800753, -117.0127107 32.8008328, -117.0126494 32.8008295, -117.0126411 32.8009405, -117.0126037 32.8009385, -117.0125993 32.8009974, -117.0125469 32.8009947, -117.0124171 32.8009878, -117.0124335 32.8007683))"
Chase,5303,Ruffin Road,San Diego,92123,"POLYGON ((-117.1260819 32.8318665, -117.1260798 32.8316609, -117.126426 32.8316585, -117.126428 32.8318641, -117.1263277 32.8318648, -117.1263281 32.8319009, -117.1263285 32.8319437, -117.126232 32.8319444, -117.1262315 32.8319001, -117.1262312 32.8318655, -117.1260819 32.8318665))"
Wells Fargo,1205,Rosecrans Street,San Diego,92106,"POLYGON ((-117.2302582 32.7225273, -117.2303247 32.7224459, -117.2304282 32.7225057, -117.2304673 32.7224577, -117.2307189 32.7226031, -117.2305909 32.7227599, -117.2303669 32.7226305, -117.2303893 32.722603, -117.2302947 32.7225483, -117.2302582 32.7225273))"
Union Bank,1175,Rosecrans Street,San Diego,92106,"POLYGON ((-117.2307257 32.7222385, -117.230826 32.7221223, -117.230902 32.7221687, -117.2309207 32.722147, -117.230941 32.7221235, -117.2310373 32.7221823, -117.2310184 32.7222041, -117.2309969 32.7222291, -117.2310187 32.7222424, -117.230874 32.7224102, -117.2307224 32.7223176, -117.2307682 32.7222645, -117.2307257 32.7222385))"
Chase,5825,Balboa Avenue,San Diego,92111,"POLYGON ((-117.1784254 32.8196285, -117.1784881 32.8199287, -117.1782914 32.8199577, -117.1782835 32.8199195, -117.178219 32.819929, -117.1781827 32.8197555, -117.1782526 32.8197452, -117.1782342 32.8196567, -117.1784254 32.8196285))"
California Bank & Trust,5500,Grossmont Center Drive,La Mesa,91942,"POLYGON ((-117.0087079 32.7769443, -117.0086668 32.7769276, -117.0085625 32.7768862, -117.0083761 32.7768127, -117.0084856 32.7766176, -117.0086392 32.7766786, -117.0086477 32.7766634, -117.008689 32.7766798, -117.0087284 32.7766954, -117.0087199 32.7767106, -117.00882 32.7767503, -117.0088073 32.7767729, -117.0088324 32.7767829, -117.0087937 32.7768518, -117.008766 32.7768408, -117.0087079 32.7769443))"
Wells Fargo,5500,Grossmont Center Drive,La Mesa,91942,"POLYGON ((-117.0105664 32.7765946, -117.0105052 32.7765714, -117.0104084 32.7765319, -117.0103454 32.7765078, -117.0103744 32.7764556, -117.0105014 32.7762269, -117.0107319 32.7763174, -117.0107129 32.7763516, -117.0107366 32.7763609, -117.0106472 32.7765219, -117.010614 32.7765088, -117.0105664 32.7765946))"
Chase,1000,Orange Ave,Coronado,92118,"POLYGON ((-117.1804928 32.6860298, -117.1802526 32.6859241, -117.1803666 32.6857406, -117.1804002 32.6857553, -117.1804413 32.6856892, -117.1806322 32.6857732, -117.1805942 32.6858343, -117.1806099 32.6858412, -117.1804928 32.6860298))"
Bank of America,1125,South Main Avenue,Fallbrook,92028,"POLYGON ((-117.2520692 33.3720276, -117.2520191 33.3720274, -117.2520191 33.3720369, -117.2517525 33.372036, -117.2517526 33.3720212, -117.2516466 33.3720209, -117.2516511 33.3718749, -117.2517405 33.3718763, -117.2517409 33.371859, -117.2519803 33.3718629, -117.2519799 33.3718802, -117.2520704 33.3718817, -117.2520692 33.3720276))"
Comerica Bank,110,North El Camino Real,Encinitas,92024,"POLYGON ((-117.2600687 33.0452316, -117.2598788 33.0452241, -117.2598928 33.0449751, -117.2600826 33.0449826, -117.2600687 33.0452316))"
San Diego County Credit Union,501,North El Camino Real,Encinitas,92024,"POLYGON ((-117.2622318 33.0589539, -117.262232 33.0588649, -117.2621254 33.0588647, -117.2621256 33.0587979, -117.2620899 33.0587978, -117.2620901 33.0587265, -117.2621183 33.0587265, -117.2621185 33.0586548, -117.2624825 33.0586555, -117.2624817 33.058966, -117.2623934 33.0589658, -117.2623934 33.0589347, -117.262342 33.0589346, -117.2623419 33.0589541, -117.2622318 33.0589539))"
Chase,6998,El Camino Real,Carlsbad,92011,"POLYGON ((-117.2659414 33.102692, -117.2659414 33.102497, -117.2662629 33.102497, -117.2662629 33.102692, -117.2659414 33.102692))"
Wells Fargo,145,North Escondido Boulevard,Escondido,92025,"POLYGON ((-117.0851862 33.1209057, -117.085184 33.1209027, -117.08517 33.1208846, -117.085159 33.1208681, -117.0851449 33.1208487, -117.0851875 33.120827, -117.0851835 33.1208215, -117.0851588 33.1207873, -117.0851161 33.120809, -117.0851074 33.1207969, -117.0850737 33.1207504, -117.0849073 33.120835, -117.0848935 33.1208159, -117.0848749 33.1207903, -117.0848576 33.1207664, -117.0848475 33.1207524, -117.0847168 33.1208188, -117.0847267 33.1208324, -117.0847444 33.1208569, -117.0847629 33.1208824, -117.0848892 33.1210567, -117.0851862 33.1209057))"
Sunrise Bank,200,West Grand Avenue,Escondido,92025,"POLYGON ((-117.0833283 33.1212197, -117.0831051 33.1211482, -117.0831794 33.1209856, -117.0834026 33.1210572, -117.0833283 33.1212197))"
Comerica Bank,260,West Grand Avenue,Escondido,92025,"POLYGON ((-117.0841242 33.1208181, -117.0842115 33.1207764, -117.0842673 33.1207498, -117.0843403 33.1207149, -117.0841905 33.1204949, -117.0839744 33.1205982, -117.0841242 33.1208181))"
First Republic Bank,116,East Grand Avenue,Escondido,92025,"POLYGON ((-117.0813828 33.1222063, -117.0813064 33.122243, -117.0811393 33.1219988, -117.0812151 33.1219611, -117.0813828 33.1222063))"
U.S. Bank,125,North Broadway,Escondido,92025,"POLYGON ((-117.0822752 33.122353, -117.0820964 33.1224433, -117.0819933 33.1223, -117.0821732 33.1222092, -117.0821773 33.1222151, -117.0822433 33.1223087, -117.0822752 33.122353))"
San Diego County Credit Union Escondido Civic Center Branch,150,East Valley Parkway,Escondido,92025,"POLYGON ((-117.0819175 33.12312, -117.0818396 33.1231581, -117.0818238 33.1231355, -117.0816466 33.1232222, -117.081664 33.1232472, -117.0815923 33.1232822, -117.0815528 33.1232256, -117.081537 33.1232333, -117.0815058 33.1231885, -117.0814836 33.1231994, -117.0814242 33.1231141, -117.0815273 33.1230636, -117.0815402 33.123082, -117.0815487 33.1230779, -117.0815377 33.1230621, -117.08159 33.1230365, -117.081574 33.1230137, -117.081643 33.12298, -117.0816577 33.123001, -117.0817116 33.1229747, -117.081722 33.1229895, -117.0817318 33.1229847, -117.0817188 33.1229661, -117.0817672 33.1229425, -117.0818544 33.1229598, -117.0818818 33.122999, -117.0818609 33.1230093, -117.0818928 33.1230549, -117.0818773 33.1230625, -117.0819175 33.12312))"
First California Bank,355,West Grand Avenue,Escondido,92025,"POLYGON ((-117.0852997 33.1195684, -117.0851112 33.1196625, -117.0850987 33.119645, -117.0850765 33.119656, -117.084938 33.1194614, -117.0849595 33.11945, -117.0849476 33.1194326, -117.0851336 33.1193467, -117.0851462 33.1193652, -117.0851693 33.1193542, -117.08531 33.1195388, -117.0852874 33.1195512, -117.0852997 33.1195684))"
Union Bank,303,West Grand Avenue,Escondido,92025,"POLYGON ((-117.0842353 33.1201366, -117.0841255 33.1199841, -117.0841669 33.1199632, -117.0842414 33.1199256, -117.0843722 33.1198595, -117.084392 33.1198495, -117.084379 33.1198315, -117.0844638 33.1197888, -117.0845792 33.1199551, -117.0844608 33.1200149, -117.084465 33.1200206, -117.0842353 33.1201366))"
Silvergate Bank,128,North Broadway,Escondido,92025,"POLYGON ((-117.0812733 33.122529, -117.0813911 33.1226966, -117.081361 33.1227115, -117.0812867 33.1227481, -117.0813327 33.1228135, -117.0814071 33.1227768, -117.0814342 33.1227634, -117.0814533 33.1227906, -117.0816062 33.1227152, -117.0815853 33.1226856, -117.0816071 33.1226748, -117.0815633 33.1226124, -117.0815443 33.1226218, -117.081426 33.1224536, -117.0812733 33.122529))"
Wells Fargo,2366,Jamacha Road,El Cajon,92019,"POLYGON ((-116.9279367 32.7477942, -116.9279357 32.7477215, -116.927957 32.7477212, -116.9279553 32.7475949, -116.9276523 32.7475989, -116.9276542 32.7477395, -116.9276782 32.7477392, -116.9276789 32.7477976, -116.9279367 32.7477942))"
Chase,1810,University Drive,Vista,92083,"POLYGON ((-117.2159793 33.1707614, -117.2157138 33.1707635, -117.2157138 33.1709721, -117.215988 33.170971, -117.2159793 33.1707614))"
Chase,1714,Alpine Boulevard,Alpine,91901,"POLYGON ((-116.7780211 32.8382142, -116.7777553 32.8382047, -116.7777687 32.8379417, -116.7777707 32.8379017, -116.7778709 32.8379053, -116.7778691 32.8379423, -116.7778674 32.8379756, -116.7780329 32.8379815, -116.7780211 32.8382142))"
Chase,330,East H Street,Chula Vista,91910,"POLYGON ((-117.051434 32.6411505, -117.0511836 32.6411334, -117.0511907 32.6410599, -117.0512001 32.6410606, -117.0512138 32.640919, -117.0512991 32.6409248, -117.0513006 32.6409101, -117.0513761 32.6409153, -117.0513748 32.640929, -117.0514388 32.6409334, -117.0514252 32.641074, -117.0514413 32.6410751, -117.051434 32.6411505))"
Mission Federal Credit Union,354,East H Street,Chula Vista,91910,"POLYGON ((-117.0502794 32.6402422, -117.0501049 32.6401461, -117.0502399 32.6399724, -117.0504143 32.6400686, -117.0503815 32.6401102, -117.0503117 32.640201, -117.0502794 32.6402422))"
Bank of America,2930,Jamacha Road,El Cajon,92019,"POLYGON ((-116.9406418 32.7405075, -116.9403708 32.7406472, -116.9402577 32.7404918, -116.9405288 32.7403522, -116.9406418 32.7405075))"
U.S. Bank,2910,Cuyamaca College Drive West,El Cajon,92019,"POLYGON ((-116.9393748 32.7410964, -116.9391603 32.7412107, -116.9390462 32.7410592, -116.9392607 32.7409449, -116.9393748 32.7410964))"
Chase,2644,Jamacha Road,San Diego,92019,"POLYGON ((-116.9325274 32.744297, -116.9322994 32.7443737, -116.9321981 32.7441625, -116.932176 32.7441165, -116.9322592 32.7440872, -116.9322862 32.7441292, -116.932294 32.7441413, -116.9324308 32.7440985, -116.9325274 32.744297))"
Union Bank,1512,Main Street,Ramona,92065,"POLYGON ((-116.8767492 33.0371657, -116.8766824 33.0371983, -116.8767231 33.0372569, -116.8765072 33.0373622, -116.8764011 33.0372092, -116.8766011 33.0371118, -116.876621 33.0371404, -116.8767037 33.0371001, -116.8767492 33.0371657))"
Chase,1467,Main Street,Ramona,92065,"POLYGON ((-116.8766321 33.0380535, -116.8764063 33.0381646, -116.8762802 33.0379844, -116.876506 33.0378734, -116.8766321 33.0380535))"
Chase,1641,South Melrose Drive,Vista,92081,"POLYGON ((-117.2469389 33.1654715, -117.2468006 33.1656619, -117.2465882 33.1655539, -117.2467264 33.1653634, -117.2469389 33.1654715))"
Chase,9558,Winter Gardens Boulevard,Lakeside,92040,"POLYGON ((-116.9316208 32.8517813, -116.9316201 32.8519078, -116.9316196 32.8519947, -116.9315956 32.8519946, -116.9315955 32.8520105, -116.9315954 32.8520285, -116.931522 32.8520282, -116.9315221 32.8520102, -116.9315222 32.8520035, -116.9313518 32.8520028, -116.9313531 32.8517802, -116.9316208 32.8517813))"
San Diego County Credit Union,2530,El Camino Real,Carlsbad,92008,"POLYGON ((-117.3246617 33.1800757, -117.3246585 33.1801021, -117.3246583 33.1801596, -117.3246127 33.1801573, -117.3246129 33.180138, -117.324578 33.180138, -117.324578 33.1801133, -117.3245136 33.1801133, -117.3244653 33.1795252, -117.3246504 33.1795027, -117.3246397 33.1793433, -117.3247631 33.1793389, -117.3247497 33.1791907, -117.3247845 33.1791884, -117.3247742 33.179086, -117.3250189 33.1790763, -117.3250258 33.1791539, -117.3249936 33.1791606, -117.3250017 33.1792796, -117.3250367 33.1792827, -117.3250419 33.17932, -117.3249991 33.1793254, -117.3250151 33.1794996, -117.3249936 33.1795063, -117.3249936 33.1795288, -117.3250206 33.1795274, -117.3250231 33.1795467, -117.3250502 33.1795467, -117.3250741 33.1799014, -117.3250527 33.1799023, -117.3250501 33.179927, -117.3250232 33.179927, -117.3250003 33.1799284, -117.3250098 33.1800123, -117.3246503 33.1800227, -117.3246617 33.1800757))"
San Diego County Credit Union,2530,El Camino Real,Carlsbad,92008,"POLYGON ((-117.3246617 33.1800757, -117.3246585 33.1801021, -117.3246583 33.1801596, -117.3246127 33.1801573, -117.3246129 33.180138, -117.324578 33.180138, -117.324578 33.1801133, -117.3245136 33.1801133, -117.3244653 33.1795252, -117.3246504 33.1795027, -117.3246397 33.1793433, -117.3247631 33.1793389, -117.3247497 33.1791907, -117.3247845 33.1791884, -117.3247742 33.179086, -117.3250189 33.1790763, -117.3250258 33.1791539, -117.3249936 33.1791606, -117.3250017 33.1792796, -117.3250367 33.1792827, -117.3250419 33.17932, -117.3249991 33.1793254, -117.3250151 33.1794996, -117.3249936 33.1795063, -117.3249936 33.1795288, -117.3250206 33.1795274, -117.3250231 33.1795467, -117.3250502 33.1795467, -117.3250741 33.1799014, -117.3250527 33.1799023, -117.3250501 33.179927, -117.3250232 33.179927, -117.3250003 33.1799284, -117.3250098 33.1800123, -117.3246503 33.1800227, -117.3246617 33.1800757))"
Bank of America,220,South Escondido Boulevard,Escondido,92025,"POLYGON ((-117.0827022 33.1196563, -117.082277 33.1198645, -117.0821438 33.1196701, -117.0821183 33.119633, -117.0820676 33.1195589, -117.0821632 33.1195145, -117.0822141 33.1195869, -117.0822384 33.1196215, -117.082573 33.1194504, -117.0826365 33.1195381, -117.0826274 33.1195551, -117.0827022 33.1196563))"
U.S. Bank,4249,Camino de la Plaza,San Diego,92173,"POLYGON ((-117.0424547 32.5450805, -117.042402 32.5450809, -117.0423498 32.5450814, -117.0423488 32.5450031, -117.0423488 32.5449983, -117.0422995 32.5449987, -117.0422991 32.5449683, -117.0422036 32.5449691, -117.042204 32.5449998, -117.0421614 32.5450002, -117.0421625 32.5450917, -117.0421229 32.545092, -117.0421237 32.5451583, -117.042165 32.5451579, -117.0421659 32.5452392, -117.0423515 32.5452376, -117.0423505 32.5451549, -117.0424013 32.5451545, -117.0424556 32.545154, -117.0424547 32.5450805))"
Wells Fargo,13408,Poway Road,Poway,92064,"POLYGON ((-117.0404367 32.9568028, -117.0404136 32.9568028, -117.040411 32.9568235, -117.0403058 32.9568211, -117.0402504 32.9568191, -117.0402511 32.9568015, -117.0401898 32.9568003, -117.0401904 32.9567446, -117.0401685 32.9567429, -117.0401744 32.9566092, -117.0403809 32.9566138, -117.0403817 32.9566332, -117.0404212 32.9566346, -117.0404206 32.9566488, -117.0404436 32.956649, -117.0404367 32.9568028))"
U.S. Bank,13395,Poway Road,Poway,92064,"POLYGON ((-117.0412159 32.9562895, -117.0409289 32.9562805, -117.0409369 32.956033, -117.0412281 32.9560395, -117.0412159 32.9562895))"
Bank of America,10511,Craftsman Way,San Diego,92127,"POLYGON ((-117.1125917 33.0203496, -117.112398 33.0203783, -117.1123556 33.0201775, -117.1125494 33.0201488, -117.1125917 33.0203496))"
San Diego County Credit Union,790,West San Marcos Boulevard,San Marcos,92078,"POLYGON ((-117.181983 33.1367506, -117.1816494 33.1368401, -117.1815942 33.1366956, -117.1819287 33.1366061, -117.181983 33.1367506))"
Bank of America,1350,East Valley Parkway,Escondido,92027,"POLYGON ((-117.0641732 33.1322408, -117.0640798 33.1321281, -117.0640923 33.1321208, -117.0641389 33.1320937, -117.0641696 33.1320759, -117.0641196 33.1320156, -117.0640891 33.1320334, -117.0640427 33.1320604, -117.0640299 33.1320678, -117.0640152 33.1320502, -117.0638965 33.1321192, -117.0638245 33.1321611, -117.0639826 33.1323517, -117.0641732 33.1322408))"
Chase,348,S Twin Oaks Valley Road,San Marcos,92078,"POLYGON ((-117.166033 33.1315725, -117.1657517 33.1316408, -117.1657005 33.1314926, -117.1659825 33.1314243, -117.166033 33.1315725))"
Bank of America,11190,East Ocean Air Drive,San Diego,92130,"POLYGON ((-117.2165854 32.9208648, -117.2165349 32.9208741, -117.2162637 32.9209242, -117.2162893 32.921022, -117.2162702 32.9210256, -117.2162905 32.9211031, -117.2163852 32.9210856, -117.2163827 32.9210758, -117.2165469 32.9210455, -117.2165293 32.9209782, -117.2165555 32.9209734, -117.2166112 32.9209631, -117.2165854 32.9208648))"
Bank of America,4319,Camino de la Plaza,San Diego,92173,"POLYGON ((-117.040638 32.5452013, -117.0406365 32.5450352, -117.0404414 32.5450365, -117.0404413 32.545027, -117.0403857 32.5450273, -117.0403861 32.5450752, -117.0403962 32.5450751, -117.0403973 32.5452028, -117.0405764 32.5452017, -117.040638 32.5452013))"
Pacific Western Bank,1690,South Melrose Drive,Vista,92081,"POLYGON ((-117.2455523 33.1652213, -117.2454126 33.1652865, -117.2454463 33.165337, -117.2453912 33.1653628, -117.2453576 33.1653125, -117.2452603 33.165358, -117.2451703 33.1652231, -117.2452538 33.1651841, -117.2452374 33.1651595, -117.2452103 33.1651189, -117.2452815 33.1650857, -117.2453073 33.1651243, -117.2453226 33.1651472, -117.24546 33.1650829, -117.2455523 33.1652213))"
Wells Fargo,245,Santa Helena,Solana Beach,92075,"POLYGON ((-117.2556143 32.9963366, -117.2555395 32.9963567, -117.2555646 32.9964229, -117.2554903 32.996443, -117.2554654 32.9963764, -117.255445 32.996325, -117.2553722 32.9963446, -117.2552616 32.9960559, -117.2554212 32.9960129, -117.255437 32.9960542, -117.2554996 32.9960374, -117.2556143 32.9963366))"
Union Bank,580,North 2nd Street,El Cajon,92021,"POLYGON ((-116.9359818 32.8019964, -116.935978 32.8017158, -116.9361327 32.8017142, -116.9361341 32.8018167, -116.9361349 32.8018714, -116.9361566 32.8018712, -116.9361583 32.8019947, -116.9359818 32.8019964))"
Chase,866,N Johnson Av,El Cajon,92020,"POLYGON ((-116.9715562 32.8068955, -116.9715566 32.8066312, -116.9712338 32.8066308, -116.9712334 32.8068951, -116.9715562 32.8068955))"
Citibank,402,Fletcher Parkway,El Cajon,92020,"POLYGON ((-116.9662524 32.8081366, -116.9662496 32.8079277, -116.9660121 32.80793, -116.966015 32.8081389, -116.9662524 32.8081366))"
U.S. Bank,490,Fletcher Parkway,El Cajon,92020,"POLYGON ((-116.9672815 32.8081452, -116.9669648 32.8081452, -116.9669648 32.8079954, -116.967254 32.8079954, -116.967254 32.8080512, -116.9672815 32.8080512, -116.9672815 32.8081452))"
Mission Federal Credit Union,270,Fletcher Parkway,El Cajon,92020,"POLYGON ((-116.9648861 32.8081556, -116.9648843 32.8079927, -116.9647767 32.8079935, -116.9647785 32.8081564, -116.9648861 32.8081556))"
California Coast Credit Union,140,Knoll Road,San Marcos,92069,"POLYGON ((-117.1768745 33.1387397, -117.1765709 33.1386686, -117.1765279 33.1387973, -117.1768315 33.1388684, -117.1768745 33.1387397))"
Chase,1705,San Elijo Road,San Marcos,92078,"POLYGON ((-117.2009641 33.0964528, -117.2008409 33.0965956, -117.2008 33.0965708, -117.2007708 33.0966047, -117.2006848 33.0965527, -117.2007127 33.0965204, -117.200676 33.0964982, -117.2008006 33.0963538, -117.2009641 33.0964528))"
U.S. Bank,640,Hacienda Drive,Vista,92081,"POLYGON ((-117.2551189 33.1933787, -117.2551078 33.1932853, -117.2551451 33.1932822, -117.2551366 33.1932098, -117.2547438 33.1932424, -117.2547521 33.1933122, -117.2546308 33.1933222, -117.2546395 33.1933955, -117.2547658 33.193385, -117.2547685 33.1934078, -117.2551189 33.1933787))"
Chase,7176,Avenida Encinas,Carlsbad,92011,"POLYGON ((-117.3106156 33.0999642, -117.3103775 33.0999676, -117.3103789 33.0999375, -117.3103138 33.0999386, -117.3103083 33.0998447, -117.3103734 33.0998435, -117.3103747 33.0998134, -117.3103581 33.0998157, -117.3103581 33.0997473, -117.3106061 33.0997403, -117.3106034 33.0998866, -117.3106141 33.0998858, -117.3106156 33.0999642))"
California Bank & Trust,2501,Palomar Airport Road,Carlsbad,92011,"POLYGON ((-117.2709755 33.1278792, -117.2709313 33.1278996, -117.270934 33.1279059, -117.270831 33.1279551, -117.2707981 33.1279068, -117.2707619 33.1279226, -117.2706476 33.12775, -117.2706848 33.1277315, -117.2706686 33.1277022, -117.2708029 33.1276376, -117.2709755 33.1278792))"
Chase,2219,Palomar Airport Road,Carlsbad,92011,"POLYGON ((-117.2750011 33.1253993, -117.2749172 33.1254518, -117.2748544 33.1253814, -117.2747145 33.125469, -117.2745975 33.1253379, -117.2748476 33.1251814, -117.2749661 33.1253141, -117.2749397 33.1253306, -117.2750011 33.1253993))"
Bank of America,645,Carlsbad Village Drive,Carlsbad,92008,"POLYGON ((-117.3473337 33.1601622, -117.3472214 33.1602272, -117.3472352 33.1602439, -117.3471733 33.1602797, -117.3471144 33.1602084, -117.3470546 33.1602431, -117.3470095 33.1601885, -117.347061 33.1601586, -117.3469675 33.1600456, -117.346998 33.1600279, -117.3469871 33.1600147, -117.3470917 33.1599541, -117.3471047 33.1599698, -117.347152 33.1599424, -117.3473337 33.1601622))"
California Bank & Trust,675,Carlsbad Village Drive,Carlsbad,92008,"POLYGON ((-117.3469303 33.1604265, -117.3468608 33.160466, -117.346856 33.1604601, -117.3467216 33.1605365, -117.3466385 33.160434, -117.3466181 33.1604456, -117.3465566 33.1603699, -117.3466265 33.1603301, -117.3466142 33.1603149, -117.346737 33.1602451, -117.3467489 33.1602598, -117.3467793 33.1602425, -117.3467946 33.1602614, -117.346923 33.1601885, -117.3469785 33.1602569, -117.3468514 33.1603292, -117.3469303 33.1604265))"
Union Bank,840,Carlsbad Village Drive,Carlsbad,92008,"POLYGON ((-117.3456312 33.1618847, -117.3456171 33.1618927, -117.3456082 33.1618818, -117.3454572 33.161968, -117.3452713 33.1617398, -117.3454192 33.1616554, -117.345408 33.1616418, -117.3454253 33.1616319, -117.3456312 33.1618847))"
U.S. Bank,770,Carlsbad Village Drive,Carlsbad,92008,"POLYGON ((-117.3463322 33.1613383, -117.3463242 33.1613428, -117.346363 33.1613903, -117.3462761 33.1614401, -117.3462377 33.1613931, -117.346151 33.1614427, -117.3460265 33.1612903, -117.346208 33.1611863, -117.3463322 33.1613383))"
Mission Federal Credit Union,710,Carlsbad Village Drive,Carlsbad,92008,"POLYGON ((-117.3466721 33.1611088, -117.3464758 33.161222, -117.3463825 33.1611086, -117.3465788 33.1609954, -117.3466721 33.1611088))"
Chase,699,Grand Avenue,Carlsbad,92008,"POLYGON ((-117.34749 33.1615731, -117.3475699 33.1616682, -117.3478704 33.1614931, -117.3477913 33.161398, -117.34749 33.1615731))"
Bank of America,1735,Eastlake Parkway,Chula Vista,91915,"POLYGON ((-116.9619907 32.6201699, -116.9619401 32.6201863, -116.9619327 32.6201701, -116.9618361 32.6202015, -116.9618465 32.620224, -116.9617683 32.6202495, -116.9616934 32.620086, -116.9617335 32.620073, -116.961725 32.6200546, -116.961803 32.6200293, -116.9619103 32.6199944, -116.9619907 32.6201699))"
Wells Fargo,2160,Birch Road,Chula Vista,91915,"POLYGON ((-116.9612874 32.6214812, -116.9610922 32.6215163, -116.9610374 32.6213003, -116.9610612 32.621296, -116.9610542 32.6212683, -116.9611297 32.6212547, -116.9611382 32.6212885, -116.9612342 32.6212713, -116.9612874 32.6214812))"
San Diego County Credit Union,2280,Otay Lakes Road,Chula Vista,91915,"POLYGON ((-116.9657303 32.6477567, -116.9656083 32.6477875, -116.9656032 32.6477696, -116.9655585 32.6477816, -116.9655026 32.6476361, -116.9655493 32.6476284, -116.9655341 32.6475873, -116.9657059 32.6475419, -116.9657201 32.6475796, -116.9657567 32.6475693, -116.9657973 32.6476891, -116.9657567 32.6476977, -116.9657689 32.6477259, -116.9657242 32.6477353, -116.9657303 32.6477567))"
Citibank,13455,Poway Road,Poway,92064,"POLYGON ((-117.0397391 32.9562325, -117.0396562 32.9562316, -117.0396563 32.9562239, -117.0395177 32.9562225, -117.0395175 32.956236, -117.0394327 32.9562351, -117.0394341 32.9561332, -117.0394286 32.9561331, -117.0394295 32.9560671, -117.039439 32.9560672, -117.0397289 32.9560707, -117.0397273 32.9561648, -117.0397401 32.956165, -117.0397391 32.9562325))"
Mission Federal Credit Union,13465,Poway Road,Poway,92064,"POLYGON ((-117.0391615 32.9562114, -117.0391633 32.9561404, -117.0391593 32.9561403, -117.0391604 32.956097, -117.0390554 32.9560951, -117.0390571 32.9560281, -117.0389468 32.9560261, -117.0389466 32.9560318, -117.0388812 32.9560307, -117.0388796 32.956093, -117.0388717 32.9560928, -117.0388705 32.9561414, -117.038879 32.9561415, -117.0388774 32.9562063, -117.0391615 32.9562114))"
Bank of America,12724,Poway Road,Poway,92064,"POLYGON ((-117.0562566 32.9555087, -117.0561256 32.9552355, -117.0557983 32.9553454, -117.0559044 32.9555605, -117.056097 32.955496, -117.0561935 32.955529, -117.0562566 32.9555087))"
Chase,10539,Scripps Poway Parkway,San Diego,92131,"POLYGON ((-117.1016148 32.936537, -117.1016219 32.9362931, -117.1014796 32.9362863, -117.1014816 32.936276, -117.1014127 32.9362727, -117.1013912 32.9362717, -117.1013769 32.9365294, -117.1016148 32.936537))"
Bank of America,11497,Scripps Poway Parkway,San Diego,92131,"POLYGON ((-117.1017359 32.9369979, -117.1017198 32.9369972, -117.101719 32.9370118, -117.101546 32.9370048, -117.1015492 32.9369495, -117.1015607 32.9367501, -117.1016675 32.9367544, -117.1017498 32.9367577, -117.1017464 32.9368164, -117.1017359 32.9369979))"
San Diego County Credit Union,1475,West Vista Way,Vista,92083,"POLYGON ((-117.2727301 33.1919931, -117.2724044 33.1921224, -117.27226 33.1918976, -117.2725924 33.1917599, -117.2727301 33.1919931))"
Chase,4025,Cherokee Avenue,San Diego,92105,"POLYGON ((-117.113826 32.7502575, -117.114188 32.7502605, -117.114187 32.7503484, -117.1139295 32.7503463, -117.1139285 32.750432, -117.1141779 32.7504341, -117.1141769 32.7505221, -117.1138229 32.7505191, -117.113826 32.7502575))"
Bank of America,2704,Palomar Airport Road,Carlsbad,92010,"POLYGON ((-117.2599474 33.1310364, -117.259875 33.1310415, -117.2598764 33.1310471, -117.2597431 33.1310602, -117.2597397 33.1310517, -117.2597045 33.1310556, -117.2596828 33.1308879, -117.2599312 33.1308692, -117.2599393 33.1309377, -117.2599611 33.1309351, -117.2599996 33.1309321, -117.2600077 33.1309938, -117.2599677 33.1309978, -117.2599427 33.1309995, -117.2599474 33.1310364))"
Mission Federal Credit Union,2662,Gateway Road,Carlsbad,92009,"POLYGON ((-117.2534331 33.1284331, -117.2534455 33.1285342, -117.2534378 33.1285348, -117.2534273 33.1285356, -117.2534281 33.128543, -117.2533954 33.1285455, -117.2533783 33.1285618, -117.2533361 33.1285656, -117.2533192 33.128554, -117.2533012 33.1285413, -117.2532965 33.1285053, -117.2533102 33.1284902, -117.2533049 33.1284428, -117.2534331 33.1284331))"
Citibank,5604,Mission Center Road,San Diego,92108,"POLYGON ((-117.1544422 32.7754498, -117.1544183 32.7754304, -117.1543648 32.7754774, -117.1543346 32.775453, -117.154326 32.7754605, -117.1542685 32.7754139, -117.1542739 32.7754092, -117.1542415 32.7753829, -117.1542718 32.7753562, -117.1542625 32.7753486, -117.15439 32.7752363, -117.1544543 32.7752883, -117.1544674 32.7752768, -117.154556 32.7753491, -117.1544422 32.7754498))"
Mission Federal Bank,599,Telegraph Canyon Road,Chula Vista,91911,"POLYGON ((-117.0371638 32.6283069, -117.0371445 32.6284688, -117.0370775 32.6284631, -117.0370731 32.6285007, -117.0368953 32.6284857, -117.0369014 32.6284346, -117.0368766 32.6284325, -117.0368835 32.6283739, -117.0369084 32.628376, -117.036919 32.6282862, -117.0371638 32.6283069))"
HomeStreet Bank and Commercial Banking Office,9363,Clairemont Mesa Boulevard,San Diego,92123,"POLYGON ((-117.127295 32.8311963, -117.1272238 32.8311964, -117.1272238 32.8311932, -117.1270665 32.8311933, -117.1270665 32.8312102, -117.1269706 32.8312103, -117.1269705 32.8311298, -117.1269904 32.8311297, -117.1269904 32.8310791, -117.1269865 32.8310791, -117.1269864 32.8310147, -117.1270043 32.8310147, -117.1270043 32.8310104, -117.1270999 32.8310103, -117.1270999 32.8310154, -117.1271087 32.8310154, -117.1271087 32.8310186, -117.1272128 32.8310186, -117.1272128 32.8310152, -117.1272933 32.8310151, -117.1272934 32.8311218, -117.1273035 32.8311218, -117.1273036 32.8311852, -117.127295 32.8311852, -117.127295 32.8311963))"
Wells Fargo,1235,Avocado Avenue,El Cajon,92020,"POLYGON ((-116.9574492 32.7789371, -116.9574491 32.7788001, -116.9574733 32.7787788, -116.9574962 32.7787791, -116.957529 32.77875, -116.9576018 32.7787499, -116.9576019 32.7787961, -116.9576791 32.7787959, -116.9576792 32.7788251, -116.9576631 32.7788251, -116.9576632 32.7788961, -116.9576109 32.7788961, -116.957611 32.7789254, -116.9575834 32.7789254, -116.9575834 32.778937, -116.9574492 32.7789371))"
Chase,1133,Avocado Avenue,El Cajon,92020,"POLYGON ((-116.9576076 32.7796448, -116.9576096 32.7798698, -116.9575486 32.7798701, -116.9575486 32.7799232, -116.9573556 32.7799244, -116.9573576 32.7796464, -116.9576076 32.7796448))"
Navy Federal Credit Union,9660,Mission Gorge Road,Santee,92071,"POLYGON ((-116.9869668 32.8398295, -116.9869673 32.83965, -116.9869418 32.83965, -116.9865592 32.8396495, -116.9865681 32.8398287, -116.9869668 32.8398295))"
Wells Fargo,250,North 2nd Street,El Cajon,92021,"POLYGON ((-116.9359645 32.7967635, -116.9359649 32.7967132, -116.9360344 32.7967136, -116.936034 32.796763, -116.9361075 32.7967635, -116.936108 32.7967095, -116.9361788 32.79671, -116.9361783 32.7967637, -116.9362932 32.7967644, -116.9362916 32.7969572, -116.9359427 32.7969551, -116.9359431 32.7969044, -116.9359268 32.7969043, -116.9359276 32.7968156, -116.9359441 32.7968157, -116.9359446 32.7967634, -116.9359645 32.7967635))"
Mission Federal Credit Union,3815,Avocado Boulevard,La Mesa,91941,"POLYGON ((-116.9617432 32.748674, -116.961515 32.7486702, -116.9615194 32.748483, -116.9617477 32.7484868, -116.9617432 32.748674))"
Chase,1790,East Main Street,El Cajon,92021,"POLYGON ((-116.9174873 32.8148565, -116.9172209 32.8147182, -116.917344 32.8145371, -116.9176116 32.8146774, -116.9174873 32.8148565))"
Union Bank,9846,Campo Road,Spring Valley,91977,"POLYGON ((-116.9836217 32.7483957, -116.9834736 32.7483929, -116.98348 32.7481435, -116.9836468 32.7481466, -116.983646 32.7481768, -116.9836975 32.7481778, -116.9837451 32.7481787, -116.9837434 32.7482454, -116.9836956 32.7482447, -116.9836481 32.7482436, -116.9836455 32.7483401, -116.9836231 32.7483397, -116.9836217 32.7483957))"
Bank of the West,9832,Campo Road,Spring Valley,91977,"POLYGON ((-116.984156 32.7484803, -116.9841574 32.7483101, -116.984233 32.7483106, -116.9842338 32.7482262, -116.9841615 32.7482258, -116.9841617 32.7482002, -116.9839185 32.7481987, -116.9839161 32.7484811, -116.9840473 32.7484819, -116.984047 32.7485171, -116.9840846 32.7485173, -116.9840849 32.7484799, -116.984156 32.7484803))"
Bank of the West,1234,East Main Street,El Cajon,92019,"POLYGON ((-116.9400083 32.7951532, -116.9399681 32.795117, -116.9397295 32.7951206, -116.9396907 32.7951569, -116.9396912 32.795289, -116.9396592 32.7952891, -116.9396593 32.7953084, -116.9396742 32.7953084, -116.9396745 32.7953938, -116.9396954 32.7954085, -116.940007 32.795407, -116.940027 32.7953887, -116.9400262 32.7953007, -116.9400043 32.7952838, -116.9400083 32.7951532))"
Bank of America,512,Fletcher Parkway,El Cajon,92020,"POLYGON ((-116.9679986 32.8081786, -116.9680826 32.8081781, -116.9680816 32.8080725, -116.9678452 32.808074, -116.967846 32.8081725, -116.9678315 32.8081725, -116.9678319 32.8082112, -116.9678456 32.8082111, -116.9678468 32.8083469, -116.9678364 32.808347, -116.9678369 32.8084046, -116.9680206 32.8084035, -116.9680195 32.8082801, -116.9679995 32.8082802, -116.9679986 32.8081786))"
Inland Federal Credit Union,570,Broadway,El Cajon,92021,"POLYGON ((-116.955357 32.8086456, -116.9551929 32.808643, -116.9551922 32.8084195, -116.9552191 32.8084208, -116.9552174 32.8084065, -116.955333 32.8084085, -116.9553347 32.8084222, -116.9553607 32.8084243, -116.955357 32.8086456))"
Bank of America,845,North 2nd Street,El Cajon,92021,"POLYGON ((-116.9353191 32.8062967, -116.9353465 32.8062971, -116.9353465 32.806286, -116.9355345 32.8062864, -116.9355354 32.8060059, -116.9353091 32.8060054, -116.9353089 32.806058, -116.9353201 32.8060581, -116.9353197 32.8062063, -116.9353191 32.8062967))"
Mission Federal Credit Union,245,Town Center Parkway,Santee,92071,"POLYGON ((-116.9860675 32.8424749, -116.9861127 32.8425643, -116.9861258 32.8425597, -116.9861576 32.8426225, -116.9858783 32.8427221, -116.9858473 32.8426608, -116.9858601 32.8426563, -116.9858166 32.8425704, -116.985914 32.8425356, -116.9859056 32.842519, -116.9859643 32.8424981, -116.9859702 32.8425097, -116.9860675 32.8424749))"
Union Bank,22,East 8th Street,National City,91950,"POLYGON ((-117.1061188 32.675943, -117.1063176 32.6758885, -117.1061934 32.6755673, -117.1059946 32.6756217, -117.1061188 32.675943))"
Navy Federal Credit Union,8796,Grossmont Boulevard,La Mesa,91942,"POLYGON ((-117.0087405 32.7739573, -117.0087095 32.7737893, -117.008504 32.7738162, -117.0085091 32.7738438, -117.0085161 32.7738429, -117.0085185 32.7738557, -117.0084948 32.7738588, -117.0085027 32.7739019, -117.008481 32.7739047, -117.0084551 32.7739081, -117.0084631 32.7739511, -117.00849 32.7739476, -117.0085127 32.7739446, -117.0085204 32.773986, -117.0087405 32.7739573))"
Torrey Pines Bank,8379,Center Drive,La Mesa,91942,"POLYGON ((-117.0164504 32.7750681, -117.016435 32.7750402, -117.0164156 32.7750478, -117.0163426 32.7749158, -117.0160783 32.775019, -117.0160852 32.7750315, -117.0160548 32.7750433, -117.0161377 32.7751934, -117.0163534 32.7751092, -117.0163677 32.7751295, -117.0163854 32.7751672, -117.0164345 32.775148, -117.0164134 32.7751101, -117.016401 32.7750874, -117.0164504 32.7750681))"
Navy Federal Credit Union,200,Catalina Boulevard,San Diego,92106,"POLYGON ((-117.2493929 32.7095122, -117.2493788 32.7095666, -117.2492603 32.709545, -117.2492666 32.7095206, -117.2492243 32.7095129, -117.2492363 32.7094663, -117.2491975 32.709411, -117.2492644 32.7093778, -117.2492783 32.7093223, -117.2493432 32.7093338, -117.2493488 32.7093117, -117.2494182 32.709324, -117.2493985 32.7094028, -117.2494392 32.7094553, -117.2493736 32.7094913, -117.2493693 32.7095079, -117.2493929 32.7095122))"
Wells Fargo,730,Christmas Circle,Borrego Springs,92004,"POLYGON ((-116.3739394 33.2568739, -116.3739785 33.256858, -116.3739843 33.2568681, -116.3739925 33.2568623, -116.3740167 33.2569044, -116.373964 33.2569258, -116.3739777 33.2569495, -116.3739313 33.2569684, -116.3738523 33.2568311, -116.3739029 33.2568105, -116.3739394 33.2568739))"
North Island Credit Union,1101,Palm Avenue,Imperial Beach,91932,"POLYGON ((-117.1104828 32.5834252, -117.1104329 32.5834247, -117.1104306 32.5833987, -117.1103672 32.5833967, -117.1103659 32.5834292, -117.1103312 32.5834289, -117.1103313 32.5834163, -117.1102718 32.5834167, -117.1102696 32.5835231, -117.1101981 32.5835203, -117.1102001 32.5835851, -117.1102685 32.5835846, -117.1102687 32.5836801, -117.1103476 32.5836805, -117.1103485 32.5836696, -117.1104779 32.5836695, -117.1104828 32.5834252))"
California Coast Credit Union,429,Santa Fe Drive,Encinitas,92024,"POLYGON ((-117.2839417 33.0351739, -117.2839993 33.0351708, -117.2839931 33.0350917, -117.2836416 33.0351108, -117.2836478 33.0351903, -117.2839417 33.0351739))"
Union Bank,900,Palm Avenue,Imperial Beach,91932,"POLYGON ((-117.1139704 32.5841349, -117.1141644 32.5841356, -117.1141633 32.5843535, -117.1141414 32.5843534, -117.1141407 32.584495, -117.1140417 32.5844947, -117.1140423 32.5843594, -117.1139693 32.5843591, -117.1139704 32.5841349))"
